Ticker,Date
AAPL,01/29/2021
AAPL,10/29/2020
AAPL,07/30/2020
AAPL,04/30/2020
AAPL,01/28/2020
AAPL,10/30/2019
AAPL,07/30/2019
AAPL,04/30/2019
AAPL,01/29/2019
AAPL,11/01/2018
AAPL,07/31/2018
AAPL,05/01/2018
AAPL,02/01/2018
AAPL,11/02/2017
AAPL,08/01/2017
AAPL,05/02/2017
AAPL,01/31/2017
AAPL,10/25/2016
AAPL,07/26/2016
AAPL,04/26/2016
AAPL,01/26/2016
AAPL,10/27/2015
AAPL,07/21/2015
AAPL,04/27/2015
AAPL,01/27/2015
AMZN,01/29/2021
AMZN,10/29/2020
AMZN,07/30/2020
AMZN,04/30/2020
AMZN,01/30/2020
AMZN,10/24/2019
AMZN,07/25/2019
AMZN,04/25/2019
AMZN,01/31/2019
AMZN,10/25/2018
AMZN,07/26/2018
AMZN,04/26/2018
AMZN,02/01/2018
AMZN,10/26/2017
AMZN,07/27/2017
AMZN,04/27/2017
AMZN,02/02/2017
AMZN,10/27/2016
AMZN,07/28/2016
AMZN,04/28/2016
AMZN,01/28/2016
AMZN,10/22/2015
AMZN,07/09/2015
AMZN,04/23/2015
AMZN,01/29/2015
FB,01/29/2021
FB,10/29/2020
FB,07/29/2020
FB,04/29/2020
FB,01/29/2020
FB,10/30/2019
FB,07/24/2019
FB,04/24/2019
FB,01/30/2019
FB,10/30/2018
FB,07/25/2018
FB,04/25/2018
FB,01/31/2018
FB,11/01/2017
FB,07/26/2017
FB,05/03/2017
FB,02/01/2017
FB,11/02/2016
FB,07/27/2016
FB,01/27/2016
FB,11/04/2015
FB,07/29/2015
FB,04/22/2015
FB,01/28/2015
FB,10/28/2014
NFLX,01/21/2021
NFLX,10/20/2020
NFLX,07/16/2020
NFLX,04/21/2020 13:00 PDT
NFLX,01/21/2020 13:00 PST
NFLX,10/16/2019 13:00 PDT
NFLX,07/17/2019
NFLX,04/16/2019
NFLX,01/17/2019
NFLX,10/16/2018
NFLX,07/16/2018
NFLX,04/16/2018
NFLX,01/22/2018
NFLX,10/16/2017
NFLX,07/17/2017
NFLX,04/17/2017
NFLX,01/18/2017
NFLX,10/17/2016 14:00 PDT
NFLX,07/18/2016
NFLX,04/18/2016
NFLX,01/19/2016
NFLX,10/14/2015
NFLX,07/15/2015
NFLX,04/15/2015
NFLX,01/20/2015
GOOG,02/03/2021
GOOG,10/28/2020
GOOG,07/30/2020
GOOG,04/28/2020
GOOG,02/03/2020
GOOG,10/28/2019
GOOG,07/25/2019
GOOG,04/29/2019
GOOG,02/04/2019
GOOG,10/25/2018
GOOG,07/23/2018
GOOG,04/23/2018
GOOG,02/01/2018
GOOG,10/26/2017
GOOG,07/24/2017
GOOG,04/27/2017
GOOG,01/26/2017
GOOG,10/27/2016
GOOG,07/28/2016
GOOG,04/21/2016
GOOG,02/01/2016
GOOG,10/22/2015
GOOG,07/16/2015
GOOG,04/23/2015
GOOG,01/29/2015
GOOGL,02/03/2021
GOOGL,10/28/2020
GOOGL,07/30/2020
GOOGL,04/28/2020
GOOGL,02/03/2020
GOOGL,10/28/2019
GOOGL,07/25/2019
GOOGL,04/29/2019
GOOGL,02/04/2019
GOOGL,10/25/2018
GOOGL,07/23/2018
GOOGL,04/23/2018
GOOGL,02/01/2018
GOOGL,10/26/2017
GOOGL,07/24/2017
GOOGL,04/27/2017
GOOGL,01/26/2017
GOOGL,10/27/2016
GOOGL,07/28/2016
GOOGL,04/21/2016
GOOGL,02/01/2016
GOOGL,10/22/2015
GOOGL,07/16/2015
GOOGL,04/23/2015
GOOGL,01/29/2015
TTD,02/26/2021
TTD,11/05/2020
TTD,08/06/2020
TTD,05/07/2020
TTD,02/27/2020
TTD,11/07/2019
TTD,08/08/2019
TTD,05/09/2019
TTD,02/21/2019
TTD,11/08/2018
TTD,08/09/2018
TTD,05/10/2018
TTD,02/22/2018
TTD,11/09/2017
TTD,08/10/2017
TTD,05/11/2017
TTD,02/16/2017
TTD,11/10/2016
NVDA,11/18/2020
NVDA,08/19/2020
NVDA,05/21/2020
NVDA,02/13/2020
NVDA,11/14/2019
NVDA,08/15/2019
NVDA,05/16/2019
NVDA,02/14/2019
NVDA,11/15/2018
NVDA,08/16/2018
NVDA,05/10/2018
NVDA,02/08/2018
NVDA,11/09/2017
NVDA,08/10/2017
NVDA,05/09/2017
NVDA,02/09/2017
NVDA,11/10/2016
NVDA,08/11/2016
NVDA,05/12/2016
NVDA,02/17/2016
NVDA,11/05/2015
NVDA,08/06/2015
NVDA,05/07/2015
NVDA,02/11/2015
NVDA,11/06/2014
AMD,01/28/2021
AMD,10/27/2020
AMD,07/28/2020
AMD,04/28/2020
AMD,01/28/2020
AMD,10/29/2019
AMD,07/30/2019
AMD,04/30/2019
AMD,01/29/2019
AMD,10/24/2018
AMD,07/25/2018
AMD,04/25/2018
AMD,01/30/2018
AMD,10/24/2017
AMD,07/25/2017
AMD,05/01/2017
AMD,01/31/2017
AMD,10/20/2016
AMD,07/21/2016
AMD,04/21/2016
AMD,01/19/2016
AMD,10/15/2015
AMD,07/16/2015
AMD,04/16/2015
AMD,01/20/2015
INTC,01/22/2021
INTC,10/22/2020
INTC,07/23/2020
INTC,04/23/2020
INTC,01/23/2020
INTC,10/24/2019
INTC,07/25/2019
INTC,04/25/2019
INTC,01/24/2019
INTC,10/25/2018
INTC,07/26/2018
INTC,04/26/2018
INTC,01/25/2018
INTC,10/26/2017
INTC,07/27/2017
INTC,04/27/2017
INTC,01/26/2017
INTC,10/18/2016
INTC,07/20/2016
INTC,04/19/2016
INTC,01/14/2016
INTC,10/13/2015
INTC,07/15/2015
INTC,04/14/2015
INTC,01/15/2015
AVGO,12/10/2020
AVGO,09/03/2020
AVGO,06/04/2020
AVGO,03/12/2020
AVGO,12/12/2019
AVGO,09/12/2019
AVGO,06/13/2019
AVGO,03/14/2019
AVGO,12/06/2018
AVGO,09/06/2018
AVGO,06/07/2018
AVGO,03/15/2018
AVGO,12/06/2017
AVGO,08/24/2017
AVGO,06/01/2017
AVGO,03/01/2017
AVGO,12/08/2016
AVGO,09/01/2016
AVGO,12/02/2015
AVGO,08/26/2015
AVGO,05/28/2015
AVGO,02/25/2015
AVGO,12/03/2014
AVGO,08/28/2014
AVGO,05/29/2014
MSFT,01/29/2021
MSFT,10/27/2020
MSFT,07/22/2020
MSFT,04/29/2020
MSFT,01/29/2020
MSFT,10/23/2019
MSFT,07/18/2019
MSFT,04/24/2019
MSFT,01/30/2019
MSFT,10/24/2018
MSFT,07/19/2018
MSFT,04/27/2018
MSFT,01/31/2018
MSFT,10/26/2017
MSFT,07/20/2017
MSFT,04/27/2017
MSFT,01/26/2017
MSFT,10/20/2016
MSFT,07/19/2016
MSFT,04/21/2016
MSFT,01/28/2016
MSFT,10/22/2015
MSFT,07/21/2015
MSFT,04/23/2015
MSFT,01/26/2015
ATVI,02/05/2021
ATVI,10/29/2020
ATVI,08/04/2020
ATVI,05/05/2020
ATVI,02/06/2020
ATVI,11/07/2019
ATVI,08/08/2019
ATVI,05/02/2019
ATVI,02/12/2019
ATVI,11/08/2018
ATVI,08/02/2018
ATVI,05/03/2018
ATVI,02/08/2018
ATVI,11/02/2017
ATVI,08/03/2017
ATVI,05/04/2017
ATVI,02/09/2017
ATVI,11/03/2016
ATVI,08/04/2016
ATVI,05/05/2016
ATVI,02/11/2016
ATVI,11/03/2015
ATVI,08/04/2015
ATVI,05/06/2015
ATVI,02/05/2015
TWTR,02/05/2021
TWTR,10/29/2020 07:00 EDT
TWTR,07/23/2020
TWTR,04/30/2020
TWTR,02/06/2020 07:00 EST
TWTR,10/24/2019
TWTR,07/26/2019
TWTR,04/23/2019
TWTR,02/07/2019
TWTR,10/25/2018
TWTR,07/27/2018
TWTR,04/25/2018
TWTR,02/08/2018
TWTR,10/26/2017
TWTR,07/27/2017
TWTR,04/26/2017
TWTR,02/09/2017
TWTR,10/27/2016
TWTR,07/26/2016
TWTR,10/27/2015
TWTR,07/28/2015
TWTR,04/28/2015
TWTR,02/05/2015
TWTR,10/27/2014
TWTR,07/29/2014
SNAP,02/04/2021
SNAP,10/20/2020
SNAP,07/21/2020
SNAP,04/21/2020
SNAP,02/04/2020
SNAP,10/22/2019
SNAP,07/23/2019
SNAP,04/23/2019
SNAP,02/05/2019
SNAP,10/25/2018
SNAP,08/07/2018
SNAP,05/01/2018
SNAP,02/06/2018
SNAP,08/10/2017
SNAP,05/10/2017
CRM,12/01/2020
CRM,08/25/2020
CRM,05/28/2020
CRM,02/25/2020
CRM,12/03/2019
CRM,08/22/2019
CRM,06/04/2019
CRM,03/04/2019
CRM,11/27/2018
CRM,08/29/2018
CRM,05/29/2018
CRM,02/28/2018
CRM,11/21/2017
CRM,08/22/2017
CRM,05/18/2017
CRM,02/28/2017
CRM,11/17/2016
CRM,08/29/2016
CRM,05/18/2016
CRM,02/25/2016
CRM,11/18/2015
CRM,08/20/2015
CRM,05/20/2015
CRM,02/25/2015
CRM,11/19/2014
PYPL,01/29/2021
PYPL,11/02/2020
PYPL,07/29/2020
PYPL,05/06/2020
PYPL,01/29/2020
PYPL,10/23/2019
PYPL,07/24/2019
PYPL,04/24/2019
PYPL,01/30/2019
PYPL,10/18/2018
PYPL,07/25/2018
PYPL,04/25/2018
PYPL,01/31/2018
PYPL,10/19/2017
PYPL,07/26/2017
PYPL,04/26/2017
PYPL,01/26/2017
PYPL,10/20/2016
PYPL,07/21/2016
PYPL,01/27/2016
BABA,02/12/2021
BABA,11/05/2020
BABA,08/20/2020
BABA,05/22/2020
BABA,02/13/2020
BABA,11/01/2019
BABA,08/15/2019
BABA,05/15/2019
BABA,01/30/2019
BABA,11/02/2018
BABA,08/23/2018
BABA,05/04/2018
BABA,02/01/2018
BABA,11/02/2017
BABA,08/17/2017
BABA,05/18/2017
BABA,01/24/2017
BABA,11/02/2016
TSLA,01/29/2021
TSLA,10/21/2020
TSLA,07/22/2020
TSLA,04/29/2020
TSLA,01/29/2020
TSLA,10/23/2019
TSLA,07/24/2019
TSLA,04/24/2019
TSLA,01/30/2019
TSLA,10/24/2018
TSLA,08/01/2018
TSLA,05/02/2018
TSLA,02/07/2018
TSLA,11/01/2017
TSLA,08/02/2017
TSLA,05/03/2017
TSLA,02/22/2017
TSLA,10/26/2016
TSLA,08/03/2016
TSLA,11/03/2015
TSLA,08/05/2015
TSLA,05/06/2015
TSLA,02/11/2015
TSLA,11/05/2014
TSLA,07/31/2014
ADBE,12/09/2020
ADBE,09/15/2020
ADBE,06/11/2020
ADBE,03/12/2020
ADBE,12/12/2019
ADBE,09/17/2019
ADBE,06/18/2019
ADBE,03/14/2019
ADBE,12/13/2018
ADBE,09/13/2018
ADBE,06/14/2018
ADBE,03/15/2018
ADBE,12/14/2017
ADBE,09/19/2017
ADBE,06/20/2017
ADBE,03/16/2017
ADBE,12/15/2016
ADBE,09/20/2016
ADBE,06/21/2016
ADBE,09/17/2015
ADBE,06/16/2015
ADBE,03/17/2015
ADBE,12/11/2014
ADBE,09/16/2014
ADBE,06/17/2014
MA,01/29/2021
MA,10/28/2020
MA,07/30/2020
MA,04/29/2020
MA,01/29/2020
MA,10/29/2019
MA,07/30/2019
MA,04/30/2019
MA,01/31/2019
MA,10/30/2018
MA,07/26/2018
MA,05/02/2018
MA,01/31/2018
MA,10/31/2017
MA,07/27/2017
MA,05/02/2017
MA,01/31/2017
MA,10/28/2016
MA,07/28/2016
MA,04/28/2016
MA,01/29/2016
MA,10/29/2015
MA,07/29/2015
MA,04/29/2015
MA,01/30/2015
V,01/29/2021
V,10/28/2020
V,07/28/2020
V,04/30/2020
V,01/30/2020
V,10/24/2019
V,07/23/2019
V,04/24/2019
V,01/30/2019
V,10/24/2018
V,07/25/2018
V,04/25/2018
V,02/01/2018
V,10/25/2017
V,07/20/2017
V,04/20/2017
V,02/02/2017
V,10/24/2016
V,07/21/2016
V,04/21/2016
V,01/28/2016
V,11/02/2015
V,07/23/2015
V,04/30/2015
V,01/29/2015
QCOM,01/29/2021
QCOM,11/04/2020
QCOM,07/29/2020
QCOM,04/29/2020
QCOM,01/30/2020
QCOM,11/06/2019
QCOM,07/31/2019
QCOM,05/01/2019
QCOM,01/30/2019
QCOM,11/07/2018
QCOM,07/25/2018
QCOM,04/25/2018
QCOM,01/31/2018
QCOM,11/01/2017
QCOM,07/19/2017
QCOM,04/19/2017
QCOM,01/25/2017
QCOM,11/02/2016
QCOM,07/20/2016
QCOM,04/20/2016
QCOM,01/27/2016
QCOM,11/04/2015
QCOM,07/22/2015
QCOM,04/22/2015
QCOM,01/28/2015
BKNG,02/26/2021
BKNG,11/05/2020 16:00 EST
BKNG,08/06/2020 16:00 EDT
BKNG,05/07/2020 16:00 EDT
BKNG,02/26/2020 16:00 EST
BKNG,11/07/2019
BKNG,08/07/2019
BKNG,05/09/2019
BKNG,02/27/2019
BKNG,11/05/2018
BKNG,08/08/2018
BKNG,05/09/2018
BKNG,02/27/2018
BKNG,11/06/2017
BKNG,08/08/2017
BKNG,05/09/2017
BKNG,02/27/2017
BKNG,11/07/2016
BKNG,08/04/2016
BKNG,05/04/2016
BKNG,02/17/2016
BKNG,11/09/2015
BKNG,08/05/2015
BKNG,05/07/2015
BKNG,02/19/2015
TXN,01/22/2021
TXN,10/20/2020
TXN,07/21/2020
TXN,04/21/2020
TXN,01/22/2020
TXN,10/22/2019
TXN,07/23/2019
TXN,04/23/2019
TXN,01/23/2019
TXN,10/23/2018
TXN,07/24/2018
TXN,04/24/2018
TXN,01/23/2018
TXN,10/24/2017
TXN,07/25/2017
TXN,04/25/2017
TXN,01/24/2017
TXN,10/26/2016
TXN,07/25/2016
TXN,04/27/2016
TXN,01/27/2016
TXN,10/21/2015
TXN,07/22/2015
TXN,04/22/2015
TXN,01/26/2015
FISV,02/04/2021
FISV,10/27/2020
FISV,08/05/2020
FISV,05/07/2020
FISV,02/04/2020
FISV,11/06/2019
FISV,07/25/2019
FISV,04/30/2019
FISV,02/07/2019
FISV,10/31/2018
FISV,07/31/2018
FISV,05/01/2018
FISV,02/07/2018
FISV,10/31/2017
FISV,08/01/2017
FISV,04/26/2017
FISV,02/08/2017
FISV,10/26/2016
FISV,08/02/2016
FISV,05/05/2016
FISV,02/02/2016
FISV,10/27/2015
FISV,07/29/2015
FISV,05/05/2015
FISV,02/03/2015
INTU,11/19/2020
INTU,08/25/2020
INTU,05/21/2020
INTU,02/24/2020
INTU,11/21/2019
INTU,08/22/2019
INTU,05/23/2019
INTU,02/21/2019
INTU,11/19/2018
INTU,08/23/2018
INTU,05/22/2018
INTU,02/22/2018
INTU,11/20/2017
INTU,08/22/2017
INTU,05/23/2017
INTU,02/23/2017
INTU,11/17/2016
INTU,08/23/2016
INTU,05/24/2016
INTU,11/19/2015
INTU,08/20/2015
INTU,05/21/2015
INTU,02/19/2015
INTU,11/20/2014
INTU,08/21/2014
ADP,01/29/2021
ADP,10/28/2020
ADP,07/29/2020
ADP,04/29/2020
ADP,01/29/2020
ADP,10/30/2019
ADP,07/31/2019
ADP,05/01/2019
ADP,01/30/2019
ADP,10/31/2018
ADP,08/01/2018
ADP,05/02/2018
ADP,01/31/2018
ADP,11/02/2017
ADP,07/27/2017
ADP,05/03/2017
ADP,02/01/2017
ADP,11/02/2016
ADP,07/28/2016
ADP,04/28/2016
ADP,02/03/2016
ADP,10/28/2015
ADP,07/30/2015
ADP,04/30/2015
ADP,02/04/2015
CME,02/12/2021
CME,10/28/2020 06:00 CDT
CME,07/29/2020 06:00 CDT
CME,04/29/2020 06:00 CDT
CME,02/12/2020 06:00 CST
CME,10/30/2019 06:00 CDT
CME,07/31/2019
CME,05/01/2019
CME,02/14/2019
CME,10/25/2018
CME,07/26/2018
CME,04/26/2018
CME,02/01/2018
CME,10/26/2017
CME,08/01/2017
CME,04/27/2017
CME,02/02/2017
CME,10/27/2016
CME,07/28/2016
CME,04/28/2016
CME,02/05/2016
CME,10/29/2015
CME,07/30/2015
CME,04/30/2015
CME,02/05/2015
JNJ,01/22/2021
JNJ,10/13/2020
JNJ,07/16/2020
JNJ,04/14/2020 06:45 EDT
JNJ,01/22/2020
JNJ,10/15/2019
JNJ,07/16/2019
JNJ,04/16/2019
JNJ,01/22/2019
JNJ,10/16/2018
JNJ,07/17/2018
JNJ,04/17/2018
JNJ,01/23/2018
JNJ,10/17/2017
JNJ,07/18/2017
JNJ,04/18/2017
JNJ,01/24/2017
JNJ,10/18/2016
JNJ,07/19/2016
JNJ,04/19/2016
JNJ,01/26/2016
JNJ,10/13/2015
JNJ,07/14/2015
JNJ,04/14/2015
JNJ,01/20/2015
UNH,01/15/2021
UNH,10/14/2020
UNH,07/15/2020
UNH,04/15/2020
UNH,01/15/2020
UNH,10/15/2019
UNH,07/18/2019
UNH,04/16/2019
UNH,01/15/2019
UNH,10/16/2018
UNH,07/17/2018
UNH,04/17/2018
UNH,01/16/2018
UNH,10/17/2017
UNH,07/18/2017
UNH,04/18/2017
UNH,01/17/2017
UNH,10/18/2016
UNH,07/19/2016
UNH,04/19/2016
UNH,01/19/2016
UNH,10/15/2015
UNH,07/16/2015
UNH,01/21/2015
UNH,10/16/2014
DIS,02/04/2021
DIS,11/12/2020
DIS,08/04/2020
DIS,05/05/2020
DIS,02/04/2020
DIS,11/07/2019
DIS,08/06/2019
DIS,05/08/2019
DIS,02/05/2019
DIS,11/08/2018
DIS,08/07/2018
DIS,05/08/2018
DIS,02/06/2018
DIS,11/09/2017
DIS,08/08/2017
DIS,05/09/2017
DIS,02/07/2017
DIS,11/10/2016
DIS,08/09/2016
DIS,05/10/2016
DIS,02/09/2016
DIS,11/05/2015
DIS,08/04/2015
DIS,05/05/2015
DIS,02/03/2015
CMCSA,01/22/2021
CMCSA,10/29/2020
CMCSA,07/30/2020
CMCSA,04/30/2020
CMCSA,01/23/2020
CMCSA,10/24/2019
CMCSA,07/25/2019
CMCSA,04/25/2019
CMCSA,01/23/2019
CMCSA,10/25/2018
CMCSA,07/26/2018
CMCSA,04/25/2018
CMCSA,01/24/2018
CMCSA,10/26/2017
CMCSA,07/27/2017
CMCSA,04/27/2017
CMCSA,01/26/2017
CMCSA,10/26/2016
CMCSA,07/27/2016
CMCSA,04/27/2016
CMCSA,02/03/2016
CMCSA,10/27/2015
CMCSA,07/23/2015
CMCSA,05/04/2015
CMCSA,02/24/2015
T,01/29/2021
T,10/22/2020 07:00 EDT
T,07/23/2020 07:00 EDT
T,04/22/2020 07:00 EDT
T,01/29/2020 07:30 EST
T,10/23/2019 07:00 EDT
T,07/24/2019
T,04/24/2019
T,01/30/2019
T,10/24/2018
T,07/24/2018
T,04/25/2018
T,01/31/2018
T,10/24/2017
T,07/25/2017
T,04/25/2017
T,01/25/2017
T,10/25/2016
T,07/21/2016
T,04/26/2016
T,01/26/2016
T,10/22/2015
T,07/23/2015
T,04/22/2015
T,01/27/2015
ZM,11/30/2020
ZM,08/31/2020
ZM,06/02/2020
ZM,03/04/2020
ZM,12/05/2019
ZM,09/05/2019
ZM,06/06/2019
VZ,01/29/2021
VZ,10/21/2020
VZ,07/24/2020
VZ,04/24/2020 07:30 EDT
VZ,01/30/2020
VZ,10/25/2019 07:00 EDT
VZ,08/01/2019
VZ,04/23/2019
VZ,01/29/2019
VZ,10/23/2018
VZ,07/24/2018
VZ,04/24/2018
VZ,01/23/2018
VZ,10/19/2017
VZ,07/27/2017 08:30 EDT
VZ,04/20/2017
VZ,01/24/2017
VZ,10/20/2016
VZ,07/26/2016
VZ,04/21/2016
VZ,01/21/2016
VZ,10/20/2015
VZ,07/21/2015
VZ,04/21/2015
VZ,01/22/2015
ABT,01/22/2021
ABT,10/21/2020
ABT,07/16/2020
ABT,04/16/2020
ABT,01/22/2020
ABT,10/16/2019
ABT,07/17/2019
ABT,04/17/2019
ABT,01/23/2019
ABT,10/17/2018
ABT,07/18/2018
ABT,04/18/2018
ABT,01/24/2018
ABT,10/18/2017
ABT,07/20/2017
ABT,04/19/2017
ABT,01/25/2017
ABT,10/19/2016
ABT,07/20/2016
ABT,04/20/2016
ABT,01/28/2016
ABT,10/21/2015
ABT,07/22/2015
ABT,04/22/2015
ABT,01/29/2015
ORCL,12/11/2020
ORCL,09/10/2020
ORCL,06/16/2020
ORCL,03/12/2020
ORCL,12/12/2019
ORCL,09/11/2019
ORCL,06/19/2019
ORCL,03/14/2019
ORCL,12/17/2018
ORCL,09/17/2018
ORCL,06/19/2018
ORCL,03/19/2018
ORCL,12/14/2017
ORCL,09/14/2017
ORCL,06/21/2017
ORCL,03/15/2017
ORCL,12/15/2016
ORCL,09/15/2016
ORCL,06/16/2016
ORCL,03/15/2016
ORCL,12/16/2015
ORCL,09/16/2015
ORCL,06/17/2015
ORCL,12/17/2014
ORCL,09/18/2014
PG,01/22/2021
PG,10/20/2020
PG,07/30/2020
PG,04/21/2020
PG,01/23/2020
PG,10/22/2019
PG,07/30/2019
PG,04/23/2019
PG,01/23/2019
PG,10/19/2018
PG,07/31/2018
PG,04/20/2018
PG,01/23/2018
PG,10/20/2017
PG,07/27/2017
PG,04/26/2017
PG,01/20/2017
PG,10/25/2016
PG,08/02/2016
PG,04/26/2016
PG,01/26/2016
PG,10/23/2015
PG,07/30/2015
PG,04/23/2015
PG,01/27/2015
JPM,01/15/2021
JPM,10/13/2020
JPM,07/14/2020
JPM,04/14/2020 07:30 EDT
JPM,01/14/2020 07:00 EST
JPM,10/15/2019
JPM,07/16/2019
JPM,04/12/2019
JPM,01/15/2019
JPM,10/12/2018
JPM,07/13/2018
JPM,04/13/2018
JPM,01/12/2018
JPM,10/12/2017
JPM,07/14/2017
JPM,04/13/2017
JPM,01/13/2017
JPM,10/14/2016
JPM,07/14/2016
JPM,04/13/2016
JPM,01/14/2016
JPM,10/13/2015
JPM,07/14/2015
JPM,04/14/2015
JPM,01/14/2015
GS,01/15/2021
GS,10/14/2020
GS,07/15/2020
GS,04/15/2020
GS,01/15/2020 07:30 EST
GS,10/15/2019
GS,07/16/2019
GS,04/15/2019
GS,01/16/2019
GS,10/16/2018
GS,07/17/2018
GS,04/17/2018
GS,01/17/2018
GS,10/17/2017
GS,07/18/2017
GS,04/18/2017
GS,01/18/2017
GS,10/18/2016
GS,07/19/2016
GS,04/19/2016
GS,01/20/2016
GS,10/15/2015
GS,07/16/2015
GS,04/16/2015
GS,01/16/2015
BAC,01/19/2021 06:45 EST
BAC,10/14/2020 06:45 EDT
BAC,07/16/2020 06:45 EDT
BAC,04/15/2020 06:45 EDT
BAC,01/15/2020
BAC,10/16/2019 06:45 EDT
BAC,07/17/2019
BAC,04/16/2019
BAC,01/16/2019
BAC,10/15/2018
BAC,07/16/2018
BAC,04/16/2018
BAC,01/17/2018
BAC,10/13/2017
BAC,07/18/2017
BAC,04/18/2017
BAC,01/13/2017
BAC,10/17/2016
BAC,07/18/2016
BAC,04/14/2016
BAC,01/19/2016
BAC,10/14/2015
BAC,07/15/2015
BAC,04/15/2015
BAC,02/26/2015
C,01/14/2021
C,10/13/2020 08:00 EDT
C,07/14/2020 08:00 EDT
C,04/15/2020 08:00 EDT
C,01/14/2020
C,10/15/2019 08:00 EDT
C,07/15/2019
C,04/15/2019
C,01/14/2019
C,10/12/2018
C,07/13/2018
C,04/13/2018
C,01/16/2018
C,10/12/2017
C,07/14/2017
C,04/13/2017
C,01/18/2017
C,10/14/2016
C,07/15/2016
C,04/15/2016
C,01/15/2016
C,10/15/2015
C,07/16/2015
C,04/16/2015
C,01/15/2015
WFC,01/15/2021
WFC,10/14/2020
WFC,07/14/2020
WFC,04/14/2020 08:00 EDT
WFC,01/14/2020 08:00 EST
WFC,10/15/2019 08:00 EDT
WFC,07/16/2019
WFC,04/12/2019
WFC,01/15/2019
WFC,10/12/2018
WFC,07/13/2018
WFC,04/13/2018
WFC,01/12/2018
WFC,10/13/2017
WFC,07/14/2017
WFC,04/13/2017
WFC,01/13/2017
WFC,10/14/2016
WFC,07/15/2016
WFC,04/14/2016
WFC,01/15/2016
WFC,10/14/2015
WFC,07/14/2015
WFC,04/14/2015
WFC,01/14/2015
UPS,01/29/2021
UPS,10/28/2020 06:00 EDT
UPS,07/30/2020 06:00 EDT
UPS,04/28/2020 07:00 EDT
UPS,01/30/2020 07:00 EST
UPS,10/22/2019
UPS,07/25/2019
UPS,04/25/2019
UPS,01/31/2019
UPS,10/24/2018
UPS,07/25/2018
UPS,04/26/2018
UPS,02/01/2018
UPS,10/26/2017
UPS,07/27/2017
UPS,04/27/2017
UPS,01/31/2017
UPS,10/27/2016
UPS,07/29/2016
UPS,04/28/2016
UPS,02/02/2016
UPS,10/27/2015
UPS,07/28/2015
UPS,04/28/2015
UPS,02/03/2015
BMY,02/05/2021
BMY,11/05/2020
BMY,08/06/2020
BMY,05/07/2020
BMY,02/06/2020
BMY,10/31/2019
BMY,07/25/2019
BMY,04/25/2019
BMY,01/24/2019
BMY,10/25/2018
BMY,07/26/2018
BMY,04/26/2018
BMY,02/05/2018
BMY,10/26/2017
BMY,07/27/2017
BMY,04/27/2017
BMY,01/26/2017
BMY,10/27/2016
BMY,07/28/2016
BMY,04/28/2016
BMY,01/28/2016
BMY,10/27/2015
BMY,07/23/2015
BMY,04/28/2015
BMY,01/27/2015
MDT,11/24/2020
MDT,08/25/2020 05:45 CDT
MDT,05/21/2020
MDT,02/18/2020
MDT,11/19/2019
MDT,08/20/2019
MDT,05/23/2019
MDT,02/19/2019
MDT,11/20/2018
MDT,08/21/2018
MDT,05/24/2018
MDT,02/20/2018
MDT,11/28/2017
MDT,08/22/2017
MDT,05/25/2017
MDT,02/21/2017
MDT,11/22/2016
MDT,08/25/2016
MDT,05/31/2016
MDT,03/01/2016
MDT,12/03/2015
MDT,09/03/2015
MDT,06/02/2015
MDT,02/17/2015
MDT,11/18/2014
NEE,01/22/2021
NEE,10/21/2020
NEE,07/24/2020
NEE,04/22/2020
NEE,01/24/2020
NEE,10/22/2019
NEE,07/24/2019
NEE,04/23/2019
NEE,01/25/2019
NEE,10/23/2018
NEE,07/25/2018
NEE,04/24/2018
NEE,01/26/2018
NEE,10/26/2017
NEE,07/26/2017
NEE,04/21/2017
NEE,01/27/2017
NEE,10/31/2016
NEE,07/27/2016
NEE,04/28/2016
NEE,01/28/2016
NEE,10/28/2015
NEE,08/03/2015
NEE,04/29/2015
NEE,01/27/2015
MCD,01/29/2021
MCD,11/09/2020
MCD,07/28/2020
MCD,04/30/2020
MCD,01/29/2020
MCD,10/22/2019
MCD,07/26/2019
MCD,04/30/2019
MCD,01/30/2019
MCD,10/23/2018
MCD,07/26/2018
MCD,04/30/2018
MCD,01/30/2018
MCD,10/24/2017
MCD,07/25/2017
MCD,04/25/2017
MCD,01/23/2017
MCD,10/21/2016
MCD,07/26/2016
MCD,04/22/2016
MCD,01/25/2016
MCD,10/22/2015
MCD,07/23/2015
MCD,04/22/2015
MCD,01/23/2015
DHR,01/29/2021
DHR,10/22/2020
DHR,07/23/2020
DHR,05/07/2020
DHR,01/30/2020
DHR,10/24/2019
DHR,07/18/2019
DHR,04/18/2019
DHR,01/29/2019
DHR,10/18/2018
DHR,07/19/2018
DHR,04/19/2018
DHR,01/30/2018
DHR,10/19/2017
DHR,07/20/2017
DHR,04/20/2017
DHR,01/31/2017
DHR,10/20/2016
DHR,07/25/2016
DHR,04/21/2016
DHR,01/26/2016
DHR,07/23/2015
DHR,04/23/2015
DHR,01/27/2015
DHR,10/16/2014
COST,12/11/2020
COST,09/24/2020
COST,05/28/2020 13:15 PDT
COST,03/05/2020
COST,12/12/2019 13:15 PST
COST,10/03/2019
COST,05/30/2019
COST,03/07/2019
COST,12/13/2018
COST,10/04/2018
COST,05/31/2018
COST,03/07/2018
COST,12/14/2017
COST,10/05/2017
COST,05/25/2017
COST,03/02/2017
COST,12/07/2016
COST,09/29/2016
COST,05/25/2016
COST,03/02/2016
COST,12/08/2015
COST,09/30/2015
COST,05/27/2015
COST,03/05/2015
COST,12/10/2014
TMO,01/29/2021
TMO,10/21/2020
TMO,07/22/2020
TMO,04/22/2020
TMO,01/30/2020
TMO,10/23/2019
TMO,07/24/2019
TMO,04/24/2019
TMO,01/30/2019
TMO,10/24/2018
TMO,07/25/2018
TMO,04/25/2018
TMO,01/31/2018
TMO,10/25/2017
TMO,07/26/2017
TMO,04/26/2017
TMO,01/31/2017
TMO,10/27/2016
TMO,07/28/2016
TMO,04/28/2016
TMO,01/28/2016
TMO,10/21/2015
TMO,07/22/2015
TMO,04/22/2015
TMO,01/29/2015
MRK,02/05/2021
MRK,10/27/2020
MRK,07/31/2020
MRK,04/28/2020
MRK,02/05/2020
MRK,10/29/2019
MRK,07/30/2019
MRK,04/30/2019
MRK,02/01/2019
MRK,10/25/2018
MRK,07/27/2018
MRK,05/01/2018
MRK,02/02/2018
MRK,10/27/2017
MRK,07/28/2017
MRK,05/02/2017
MRK,02/02/2017
MRK,10/25/2016
MRK,07/29/2016
MRK,05/05/2016
MRK,02/03/2016
MRK,10/27/2015
MRK,07/28/2015
MRK,04/28/2015
MRK,02/04/2015
PFE,01/28/2021
PFE,10/27/2020
PFE,07/28/2020
PFE,04/28/2020
PFE,01/28/2020
PFE,10/29/2019
PFE,07/30/2019
PFE,04/30/2019
PFE,01/29/2019
PFE,10/30/2018
PFE,07/31/2018
PFE,05/01/2018
PFE,01/30/2018
PFE,10/31/2017
PFE,08/01/2017
PFE,05/02/2017
PFE,01/31/2017
PFE,11/01/2016
PFE,08/02/2016
PFE,05/03/2016
PFE,02/02/2016
PFE,10/27/2015
PFE,04/28/2015
PFE,01/27/2015
PFE,10/28/2014
HD,11/17/2020
HD,08/18/2020
HD,05/19/2020
HD,02/25/2020
HD,11/19/2019
HD,08/20/2019
HD,05/21/2019
HD,02/26/2019
HD,11/13/2018
HD,08/14/2018
HD,05/15/2018
HD,02/20/2018
HD,11/14/2017
HD,08/15/2017
HD,05/16/2017 09:00 EDT
HD,02/21/2017
HD,11/15/2016
HD,08/16/2016
HD,05/16/2016
HD,02/23/2016
HD,11/17/2015
HD,08/18/2015
HD,05/19/2015
HD,02/24/2015
HD,11/18/2014
KO,01/29/2021
KO,10/22/2020
KO,07/21/2020
KO,04/21/2020
KO,01/30/2020
KO,10/18/2019
KO,07/23/2019
KO,04/23/2019
KO,02/14/2019
KO,10/30/2018
KO,07/25/2018
KO,04/24/2018
KO,02/13/2018
KO,10/25/2017
KO,07/26/2017
KO,04/25/2017
KO,02/09/2017
KO,10/26/2016
KO,07/27/2016
KO,04/20/2016
KO,02/09/2016
KO,10/21/2015
KO,07/22/2015
KO,04/22/2015
KO,02/10/2015
PEP,02/12/2021
PEP,10/01/2020
PEP,07/13/2020 06:00 EDT
PEP,04/28/2020
PEP,02/13/2020 06:00 EST
PEP,10/03/2019
PEP,07/09/2019
PEP,04/17/2019
PEP,02/15/2019
PEP,10/02/2018
PEP,07/10/2018
PEP,04/26/2018
PEP,02/13/2018
PEP,10/04/2017
PEP,07/11/2017
PEP,04/26/2017
PEP,02/15/2017
PEP,09/29/2016
PEP,07/07/2016
PEP,04/18/2016
PEP,02/11/2016
PEP,10/06/2015
PEP,07/09/2015
PEP,04/23/2015
PEP,02/11/2015
CSCO,02/12/2021
CSCO,11/12/2020
CSCO,08/12/2020
CSCO,05/13/2020
CSCO,02/12/2020
CSCO,11/13/2019
CSCO,08/14/2019
CSCO,05/15/2019
CSCO,02/13/2019
CSCO,11/14/2018
CSCO,08/15/2018
CSCO,05/16/2018
CSCO,02/14/2018
CSCO,11/15/2017
CSCO,08/16/2017
CSCO,05/17/2017
CSCO,02/15/2017 13:30 PDT
CSCO,11/16/2016
CSCO,08/17/2016
CSCO,05/18/2016
CSCO,02/10/2016
CSCO,11/12/2015
CSCO,08/12/2015
CSCO,05/13/2015
CSCO,02/11/2015
XOM,01/29/2021
XOM,10/30/2020 06:30 CDT
XOM,07/31/2020
XOM,05/01/2020
XOM,01/31/2020 06:30 CST
XOM,11/01/2019
XOM,08/02/2019
XOM,04/26/2019
XOM,02/01/2019
XOM,11/02/2018
XOM,07/27/2018
XOM,04/27/2018
XOM,02/02/2018
XOM,10/27/2017
XOM,07/28/2017
XOM,04/28/2017
XOM,01/31/2017
XOM,10/28/2016
XOM,07/29/2016
XOM,04/29/2016
XOM,02/02/2016
XOM,10/30/2015
XOM,07/31/2015
XOM,04/30/2015
XOM,02/02/2015
CVX,01/29/2021
CVX,10/30/2020
CVX,07/31/2020
CVX,05/01/2020
CVX,01/31/2020
CVX,11/01/2019
CVX,08/02/2019
CVX,04/26/2019
CVX,02/01/2019
CVX,11/02/2018
CVX,07/27/2018
CVX,04/27/2018
CVX,02/02/2018
CVX,10/27/2017
CVX,07/28/2017
CVX,04/28/2017
CVX,01/27/2017
CVX,10/28/2016
CVX,07/29/2016
CVX,04/29/2016
CVX,01/29/2016
CVX,10/30/2015
CVX,07/31/2015
CVX,05/01/2015
CVX,01/30/2015
CMG,02/04/2021
CMG,10/21/2020
CMG,07/22/2020 16:10 EDT
CMG,04/21/2020 16:10 EDT
CMG,02/04/2020
CMG,10/22/2019
CMG,07/23/2019
CMG,04/24/2019
CMG,02/06/2019
CMG,10/25/2018
CMG,07/26/2018
CMG,04/25/2018
CMG,02/06/2018
CMG,10/24/2017
CMG,07/25/2017
CMG,04/25/2017
CMG,02/02/2017
CMG,10/25/2016
CMG,07/21/2016
CMG,04/26/2016
CMG,02/02/2016
CMG,10/20/2015
CMG,07/21/2015
CMG,04/21/2015
CMG,02/03/2015
DPZ,02/19/2021
DPZ,10/08/2020
DPZ,07/16/2020
DPZ,04/23/2020
DPZ,02/20/2020
DPZ,10/08/2019
DPZ,07/16/2019
DPZ,04/24/2019
DPZ,02/21/2019
DPZ,10/16/2018
DPZ,07/19/2018
DPZ,04/26/2018
DPZ,02/20/2018
DPZ,10/12/2017
DPZ,07/25/2017
DPZ,04/27/2017
DPZ,02/28/2017
DPZ,10/18/2016
DPZ,07/21/2016
DPZ,04/28/2016
DPZ,02/25/2016
DPZ,10/08/2015
DPZ,07/16/2015
DPZ,04/23/2015
DPZ,02/24/2015
